{
  "annotations": {
    "list": [
      {
        "builtIn": 1,
        "datasource": {
          "type": "grafana",
          "uid": "-- Grafana --"
        },
        "enable": true,
        "hide": true,
        "iconColor": "rgba(0, 211, 255, 1)",
        "name": "Annotations & Alerts",
        "type": "dashboard"
      }
    ]
  },
  "editable": true,
  "fiscalYearStartMonth": 0,
  "graphTooltip": 0,
  "id": 1,
  "links": [],
  "liveNow": false,
  "panels": [
    {
      "datasource": {
        "type": "grafana-testdata-datasource",
        "uid": "trlxrdZVk"
      },
      "gridPos": {
        "h": 8,
        "w": 12,
        "x": 0,
        "y": 0
      },
      "id": 1,
      "options": {
        "seriesCountSize": "sm",
        "showSeriesCount": false,
        "text": "Default value of text input option"
      },
      "targets": [
        {
          "datasource": {
            "type": "grafana-testdata-datasource",
            "uid": "db84e60d-b92a-4089-82cb-34842fb1754b"
          },
          "refId": "A",
          "scenarioId": "raw_frame",
          "rawFrameContent": "[\n  {\n    \"columns\": [\n      {\n        \"text\": \"Time\",\n        \"type\": \"time\"\n      },\n      {\n        \"text\": \"Label\",\n        \"type\": \"string\"\n      },\n      {\n        \"text\": \"Value\",\n        \"type\": \"number\"\n      }\n    ],\n    \"rows\": [\n      [1609459200000, \"A\", 10],\n      [1609462800000, \"B\", 20],\n      [1609466400000, \"C\", 15],\n      [1609470000000, \"D\", 25],\n      [1609473600000, \"E\", 30]\n    ]\n  },\n{\n    \"columns\": [\n      {\n        \"text\": \"Time\",\n        \"type\": \"time\"\n      },\n      {\n        \"text\": \"Label\",\n        \"type\": \"string\"\n      },\n      {\n        \"text\": \"Value\",\n        \"type\": \"number\"\n      }\n    ],\n    \"rows\": [\n      [1609459200000, \"A\", 40],\n      [1609462800000, \"B\", 50],\n      [1609466400000, \"C\", 45],\n      [1609470000000, \"D\", 55],\n      [1609473600000, \"E\", 60]\n    ]\n  }\n]"
        }
      ],
      "title": "Sample Panel Title",
      "type": "org1-extratimeseries-panel"
    },
    {
      "datasource": {
        "type": "grafana-testdata-datasource",
        "uid": "trlxrdZVk"
      },
      "gridPos": {
        "h": 8,
        "w": 12,
        "x": 12,
        "y": 0
      },
      "id": 2,
      "options": {
        "seriesCountSize": "sm",
        "showSeriesCount": false,
        "text": "Default value of text input option"
      },
      "targets": [
        {
          "alias": "",
          "datasource": {
            "type": "grafana-testdata-datasource",
            "uid": "db84e60d-b92a-4089-82cb-34842fb1754b"
          },
          "refId": "A",
          "scenarioId": "no_data_points"
        }
      ],
      "title": "Sample Panel Title",
      "type": "org1-extratimeseries-panel"
    }
  ],
  "refresh": "",
  "schemaVersion": 39,
  "tags": [],
  "templating": {
    "list": []
  },
  "time": {
    "from": "now-6h",
    "to": "now"
  },
  "timepicker": {},
  "timezone": "",
  "title": "Provisioned Extra Time series dashboard",
  "uid": "a538aeff-5a8a-42a5-901c-938d896fdd6f",
  "version": 1,
  "weekStart": ""
}
