{
  "$schema": "https://raw.githubusercontent.com/grafana/grafana/main/docs/sources/developers/plugins/plugin.schema.json",
  "type": "panel",
  "name": "Extra Time series",
  "id": "org1-extratimeseries-panel",
  "info": {
    "keywords": ["panel"],
    "description": "",
    "author": {
      "name": "Org1"
    },
    "logos": {
      "small": "img/logo.svg",
      "large": "img/logo.svg"
    },
    "links": [],
    "screenshots": [],
    "version": "%VERSION%",
    "updated": "%TODAY%"
  },
  "dependencies": {
    "grafanaDependency": ">=10.4.0",
    "plugins": []
  }
}
